10,116,121,
24,38,
23,11,12,
32,203,191,202,
1,225,192,218,204,183,226,191,171,
40,162,174,175,179,178,
18,269,281,282,279,270,291,280,256,284,283,292,294,293,271,290,300,257,301,
9,190,191,179,180,181,182,
12,183,181,182,179,180,148,171,164,119,
48,221,125,192,203,206,191,168,207,154,214,180,179,194,219,
7,352,388,374,354,375,380,355,330,328,316,363,377,249,340,356,331,277,303,362,379,289,
13,88,102,44,174,127,163,151,29,59,45,101,87,114,28,58,4,14,35,73,173,113,162,126,138,86,72,100,42,43,139,56,99,36,21,3,55,52,13,57,150,37,70,51,
46,134,131,171,150,194,133,132,144,165,180,158,
42,13,1,72,90,82,62,73,91,97,74,102,
8,106,51,41,
6,117,127,156,
15,190,176,195,85,28,99,107,113,62,59,130,114,125,86,80,144,43,
39,149,162,7,177,175,176,29,120,186,43,73,88,187,134,57,16,174,197,6,161,188,104,148,185,198,173,119,15,196,195,56,207,160,206,205,194,184,28,5,42,133,172,204,72,147,203,183,87,103,193,14,41,
25,0,2,3,5,6,7,9,10,12,13,14,
47,144,259,61,316,101,174,232,218,158,129,115,203,74,272,308,297,188,48,173,307,143,330,331,333,334,335,337,338,339,340,341,342,343,344,345,346,351,352,353,355,356,357,358,359,362,
33,218,217,211,216,210,215,214,213,
21,251,228,239,203,250,249,215,
44,345,319,297,268,283,340,339,344,336,199,
3,156,78,109,140,28,39,51,124,93,155,139,64,108,77,154,92,123,38,17,27,153,138,63,122,50,107,76,91,26,37,137,49,62,106,16,90,152,75,121,25,151,15,136,105,48,
14,109,139,134,140,125,110,93,135,20,36,74,9,141,94,21,126,37,55,136,75,10,111,
49,13,82,83,94,77,100,89,101,95,84,78,106,90,
36,67,42,166,8,219,257,23,54,238,3,15,9,184,32,43,98,16,82,24,55,202,115,132,10,258,68,4,33,17,149,220,239,5,11,25,44,34,1,167,159,99,26,83,18,6,69,45,2,56,116,185,177,35,133,107,124,141,90,259,57,203,46,240,195,70,
19,80,131,137,87,152,
31,181,176,174,188,123,187,163,161,177,173,134,135,
29,175,166,167,177,211,178,204,208,209,207,180,206,210,179,153,151,152,154,148,150,181,183,155,184,146,182,156,185,188,143,186,187,149,145,147,144,157,131,130,132,129,158,128,134,159,160,161,164,163,165,135,162,126,127,133,109,110,125,111,136,108,124,107,106,88,122,137,87,139,138,113,123,112,114,141,
5,66,58,59,13,49,38,60,25,50,51,61,39,52,2,
22,256,251,231,285,252,219,271,270,235,264,234,253,233,250,217,266,254,277,269,201,293,216,218,200,267,279,286,278,284,268,283,281,214,282,199,
4,105,117,
41,91,96,93,97,99,98,87,82,83,80,79,77,74,76,
45,41,40,
50,184,176,183,
16,141,124,197,127,123,140,271,149,288,216,178,159,252,122,234,270,128,233,150,196,129,177,121,251,158,139,215,105,269,106,214,176,104,120,195,107,232,250,103,157,102,231,130,108,213,138,175,194,193,137,212,156,119,101,211,174,109,84,192,100,85,155,191,118,87,86,173,83,136,82,172,171,110,
28,92,75,91,63,84,83,77,74,73,78,49,82,62,80,79,81,72,60,71,64,70,50,61,65,
27,230,150,196,208,220,231,
35,92,82,110,81,69,91,101,100,57,80,42,56,68,55,90,41,79,88,54,89,40,77,67,53,75,59,66,43,78,76,38,52,61,65,
2,125,116,115,112,138,117,
26,49,61,62,67,63,66,50,64,65,51,52,57,41,21,31,56,55,
37,228,202,225,177,174,192,176,240,214,187,209,227,210,193,213,173,185,194,211,226,195,172,212,166,198,182,183,
43,51,119,77,104,207,40,42,208,165,39,41,204,205,196,195,90,194,64,76,0,149,9,172,133,193,63,164,189,50,2,1,38,180,103,191,190,3,173,10,192,30,179,37,163,89,147,132,75,18,148,177,43,118,117,26,49,140,56,156,
20,251,239,
17,31,83,96,62,85,43,71,148,75,40,61,14,26,82,23,64,118,52,33,56,51,91,86,63,48,81,25,57,42,108,67,58,66,141,130,
38,28,
34,110,137,112,138,126,139,150,149,159,166,167,151,140,152,161,128,168,160,
30,1,45,51,37,26,5,36,21,32,12,25,46,82,91,116,159,13,75,17,22,65,6,35,50,107,48,14,15,64,3,24,33,99,9,0,8,60,23,16,132,2,49,47,
