42,0,1,2,5,7,8,9,13,15,16,17,18,19,20,21,22,23,24,25,26,27,28,29,30,31,32,33,34,35,36,37,38,39,40,41,42,43,44,45,46,47,48,49,50,51,52,53,54,55,56,57,58,59,60,61,62,63,64,65,66,67,
10,60,61,63,64,66,67,69,70,71,72,74,75,
8,0,2,4,5,6,8,9,10,11,12,13,15,16,18,19,20,22,24,27,29,30,31,32,33,34,35,36,37,38,39,40,41,42,43,44,45,46,47,48,49,50,51,52,53,54,55,56,57,58,59,60,61,62,63,64,65,66,67,68,69,70,71,72,73,74,75,76,77,
30,105,106,107,108,109,110,111,112,113,114,115,116,117,118,119,120,121,122,123,124,125,126,127,128,129,130,131,132,133,134,135,136,137,138,139,140,141,142,143,144,145,
47,60,61,63,64,65,67,72,73,76,78,79,81,82,83,84,85,86,87,88,89,94,95,97,100,101,105,106,107,108,109,110,
29,0,1,2,4,5,7,8,9,11,12,17,19,22,23,24,26,27,28,29,30,31,33,34,36,37,38,39,41,42,43,44,45,46,47,48,49,51,52,53,55,56,57,59,60,61,62,63,64,65,66,67,68,69,70,73,74,75,76,77,78,79,80,81,82,83,84,85,86,87,88,89,90,91,92,93,94,95,
28,45,46,47,48,49,50,51,52,53,54,55,56,57,58,59,60,61,62,63,64,65,66,67,68,69,70,71,72,73,76,77,78,79,83,84,86,87,88,91,92,94,95,98,99,101,102,103,104,106,108,110,111,113,116,117,118,119,120,122,124,125,126,127,128,129,130,132,133,135,136,137,138,140,142,143,145,147,148,151,152,153,156,159,161,162,164,168,169,170,172,175,181,182,183,190,191,192,193,196,197,200,201,204,206,207,208,209,210,211,212,214,216,217,
35,1,2,4,5,7,8,9,12,13,14,16,17,18,19,21,22,23,24,28,31,32,33,34,36,37,38,40,41,42,43,44,45,46,48,49,51,52,53,56,60,61,62,63,64,66,68,69,71,73,74,76,78,81,84,85,86,88,89,90,91,92,93,94,97,98,99,101,102,103,104,105,106,107,108,109,110,111,112,113,114,115,116,117,118,119,120,121,122,123,124,125,126,127,128,129,130,131,132,133,134,135,136,137,138,139,140,141,142,143,144,145,146,147,148,149,150,151,152,153,154,155,156,157,158,159,160,161,162,163,164,165,166,167,168,169,170,171,172,173,174,175,176,177,178,179,180,181,182,183,184,185,186,187,188,189,190,191,192,193,194,195,196,197,198,199,200,201,202,203,204,205,206,207,208,209,210,211,212,213,214,215,216,217,218,219,220,221,222,223,224,225,226,227,228,229,230,231,
41,315,316,317,318,319,320,321,322,323,324,325,326,327,328,329,330,331,332,333,334,335,336,337,338,339,340,341,342,343,344,345,346,347,348,349,350,351,352,353,354,355,356,357,358,359,360,361,362,363,364,365,366,367,368,369,370,371,372,373,374,375,376,377,378,379,380,381,382,383,384,385,386,387,388,389,390,391,392,393,394,395,396,397,398,
22,0,1,2,3,4,5,6,7,8,9,10,11,12,13,14,15,16,17,18,19,20,21,22,23,24,25,26,27,28,29,30,31,32,33,34,35,36,37,38,39,40,41,42,43,44,45,46,47,48,49,50,51,52,53,54,55,56,57,58,59,60,61,62,63,64,65,66,67,68,69,70,71,72,73,74,75,76,77,78,79,80,81,82,83,84,85,86,87,88,89,90,91,92,93,94,95,96,97,98,99,100,101,102,103,104,105,106,107,108,109,110,111,112,113,114,115,116,117,118,119,120,121,122,123,124,125,126,127,128,129,130,131,132,133,134,135,136,137,138,139,140,141,142,143,144,145,146,147,148,149,150,151,152,153,154,155,156,157,158,159,160,161,162,163,164,165,166,167,168,169,170,171,172,173,174,175,176,177,178,179,180,181,182,183,184,185,186,187,
26,15,16,17,18,20,21,23,28,29,31,32,33,34,35,37,40,41,42,45,46,48,50,51,52,53,57,58,59,61,62,63,67,71,73,76,78,81,
