37,97,94,45,
49,323,
36,404,
14,213,232,
40,153,151,
46,262,241,251,
11,148,146,147,
27,107,105,103,109,
35,134,135,140,131,136,141,
32,60,69,61,62,63,
13,179,173,178,
42,54,88,77,16,85,1,
29,186,185,
19,123,
22,329,334,327,
31,156,
5,111,83,115,95,98,99,
23,196,199,183,194,190,182,181,
10,38,32,3,1,
26,66,55,85,31,77,8,18,44,67,
18,151,116,189,158,150,149,168,175,167,203,148,
1,483,482,
8,236,210,143,142,162,261,284,141,235,161,285,259,160,260,209,140,283,234,159,184,119,233,183,258,256,208,255,257,139,232,137,138,158,118,182,231,157,207,117,181,136,227,226,206,205,230,116,228,229,204,156,135,180,115,198,202,203,97,179,114,155,201,134,96,199,133,177,171,154,113,178,200,176,95,153,112,170,132,94,111,152,172,173,175,
34,616,615,
38,14,97,102,7,89,60,72,24,
48,147,135,
33,505,490,506,489,507,514,515,516,517,518,519,520,521,
25,22,13,32,45,36,21,42,43,44,31,41,53,46,12,54,52,
47,57,114,44,115,2,42,89,14,90,102,107,8,99,18,113,41,87,106,43,45,97,26,77,103,72,75,104,86,13,116,82,101,108,83,88,76,61,
44,56,75,85,96,108,
21,54,95,10,92,
3,42,2,17,28,37,3,18,9,
43,210,
24,319,324,328,318,
15,56,52,45,37,
6,177,188,199,136,150,123,208,209,222,216,201,202,210,217,
16,124,129,125,
28,401,405,
50,10,34,136,143,
45,107,168,65,38,122,176,135,39,52,189,80,108,183,28,136,66,94,19,148,175,109,
12,148,
9,18,1,51,37,46,
20,116,156,145,174,
17,102,119,69,19,20,4,1,18,87,103,33,21,35,50,10,118,51,49,70,121,52,36,34,105,120,122,22,32,71,23,11,89,5,104,53,37,88,38,72,12,
41,130,177,63,202,107,86,64,108,131,154,65,66,178,87,155,132,179,67,203,109,133,88,204,89,156,180,158,68,111,110,157,205,47,182,181,90,159,48,97,49,113,116,138,207,115,93,114,112,96,137,79,
4,44,64,18,10,35,75,65,26,47,17,34,9,
7,33,22,30,57,94,52,64,83,85,51,21,58,40,75,29,71,63,59,39,13,20,28,95,84,72,
39,64,58,
30,41,89,8,36,67,76,35,6,12,90,3,34,44,84,60,42,96,61,55,45,
2,22,73,65,102,30,35,
