14,9,66,57,48,74,2,31,39,65,15,23,73,47,64,38,30,76,78,82,84,85,86,87,88,89,90,91,92,93,94,95,96,97,100,101,102,107,108,109,110,116,118,120,121,124,126,127,128,129,130,131,133,135,137,138,139,
13,20,
8,149,77,87,40,103,167,41,32,93,86,51,121,160,
7,108,110,93,107,97,96,112,
34,33,58,69,81,45,57,80,68,76,44,
38,201,218,217,184,168,118,271,152,200,233,85,247,232,183,84,280,101,216,
32,78,79,8,67,15,16,70,17,58,62,59,63,69,20,21,57,18,12,
19,156,157,106,151,
29,20,19,
5,178,179,183,182,177,185,146,173,6,159,100,160,86,
31,63,19,78,30,79,43,72,64,
22,2,4,7,55,49,67,11,16,22,42,35,28,73,62,5,8,56,68,74,12,17,50,
41,182,231,220,207,253,241,232,250,221,242,251,217,208,252,233,249,248,243,
4,87,70,79,59,48,86,47,69,78,58,57,68,46,
23,199,180,79,179,80,63,72,61,48,73,75,74,46,190,78,113,93,60,166,91,178,53,90,76,111,
2,179,46,33,20,117,80,84,107,63,78,102,86,94,79,65,164,85,69,34,
24,129,139,106,107,119,120,131,109,141,132,110,
1,79,184,78,160,80,94,38,124,130,121,81,140,77,213,167,26,148,233,102,
10,95,91,94,92,93,98,70,63,62,
9,151,152,128,150,130,131,136,132,135,133,
12,251,309,400,393,372,270,406,343,232,383,392,399,
15,178,171,162,161,170,169,168,160,159,135,110,158,146,
6,153,163,152,151,160,162,161,150,69,88,68,67,90,98,99,70,97,91,
37,179,136,194,51,158,70,33,91,113,178,135,32,157,69,205,90,50,177,112,193,156,89,134,68,31,49,133,111,192,176,155,110,30,88,175,191,67,132,48,154,66,109,87,131,153,174,47,86,85,190,106,108,130,29,107,
16,73,83,18,93,53,64,102,84,
50,89,94,88,95,79,43,87,55,42,78,67,85,31,86,84,54,66,77,41,76,53,65,75,30,40,73,
45,46,67,61,60,4,24,31,53,52,23,72,0,7,17,38,16,11,6,45,10,37,
28,286,307,308,197,270,213,217,194,251,218,198,298,285,269,294,
17,121,109,108,134,146,175,207,196,189,191,184,
20,207,253,241,225,233,198,208,217,234,254,226,248,189,242,249,218,227,235,250,219,199,243,
27,68,44,30,96,57,47,53,35,32,51,63,80,
35,12,63,150,189,79,22,262,226,214,
26,205,216,114,7,157,60,134,20,76,6,94,
43,156,38,70,28,49,105,129,93,39,117,140,
47,62,100,81,55,56,61,57,82,59,58,
25,87,75,73,74,98,72,88,76,77,78,89,65,79,63,64,66,80,67,68,55,54,69,56,58,57,70,59,71,60,47,46,61,45,49,
33,369,381,368,380,367,376,379,378,377,366,363,349,354,365,364,
48,249,250,185,234,184,191,190,200,199,182,183,216,248,233,198,231,232,166,181,167,165,172,171,169,163,168,170,230,215,164,197,162,180,148,146,214,213,161,229,179,145,149,147,196,150,144,212,160,211,151,143,127,153,126,178,129,125,152,154,142,128,195,107,194,124,108,
46,207,165,186,166,187,230,167,208,232,168,231,22,96,79,209,188,189,233,149,
11,259,231,313,279,212,216,238,217,239,195,193,211,280,218,192,194,196,260,298,219,197,198,299,281,240,220,314,261,159,179,199,30,61,87,10,241,180,5,88,200,122,73,160,49,39,22,141,104,74,221,300,282,
42,102,70,112,119,110,136,127,92,128,135,185,118,187,179,184,186,
40,238,137,126,153,184,166,
44,34,48,47,42,17,24,41,33,16,23,40,32,31,
3,207,237,231,222,232,248,233,235,198,236,206,221,193,113,234,158,72,217,190,13,180,136,192,19,189,55,20,191,159,205,218,199,92,
21,250,147,217,216,201,202,186,218,160,188,187,264,219,203,173,189,148,174,161,251,236,135,220,122,204,162,277,284,175,
18,121,119,118,109,117,99,116,110,115,98,114,112,76,97,113,75,96,95,94,93,92,85,150,151,158,159,160,161,163,164,165,166,167,168,171,175,176,178,179,193,195,196,197,198,199,200,201,202,203,204,205,206,207,
39,221,42,39,41,37,190,256,191,204,267,189,174,187,239,161,220,203,175,188,186,202,173,169,185,255,238,56,160,219,159,145,171,48,170,168,172,167,55,183,201,184,47,218,166,50,46,254,152,158,49,144,52,154,237,153,157,51,54,53,165,129,156,200,151,45,70,182,143,155,
36,81,104,94,69,31,58,39,48,14,19,25,105,
49,1,200,120,172,255,133,14,62,51,24,140,153,269,161,
30,299,182,313,214,285,315,314,
