8,2,3,5,6,10,11,12,14,19,21,22,23,24,25,26,27,28,30,31,33,34,36,38,39,42,43,44,46,51,52,53,55,56,57,58,59,60,61,66,68,69,70,72,
7,0,1,2,3,5,6,7,9,11,12,13,14,
18,0,1,2,3,4,5,6,7,8,9,10,11,12,13,14,15,16,17,18,19,20,21,22,23,24,25,26,27,28,29,30,31,32,33,34,35,36,37,38,39,40,41,42,43,44,45,46,47,48,49,50,51,52,53,54,55,56,57,58,59,60,61,62,63,64,65,66,67,68,69,70,71,72,73,74,75,76,77,78,79,80,81,82,83,84,85,86,87,88,89,90,91,92,93,94,95,96,97,98,99,100,101,102,103,104,105,106,107,108,109,110,111,112,113,114,115,116,117,118,119,120,121,122,123,124,125,126,127,128,129,130,131,132,133,134,135,136,137,138,139,140,141,142,143,144,145,146,147,148,149,150,151,152,153,154,155,156,157,158,159,160,161,162,163,164,165,166,167,168,169,170,171,172,173,174,175,176,177,178,179,180,181,182,183,184,185,186,187,188,189,190,191,192,193,194,195,196,197,198,199,200,201,202,203,204,205,206,207,208,209,210,211,212,213,214,215,216,217,218,219,220,221,222,223,224,225,226,227,228,229,230,231,232,233,234,235,236,237,238,239,240,241,242,243,244,245,246,247,248,249,250,251,252,253,254,255,256,257,258,259,260,261,262,263,264,265,266,267,268,269,270,271,272,273,274,275,276,277,278,279,280,281,282,283,284,285,286,287,288,289,290,291,292,293,294,295,296,297,
26,66,121,108,101,167,133,116,82,131,
23,40,45,46,48,49,50,51,52,53,54,55,56,57,58,59,62,63,64,65,67,69,70,71,72,73,74,75,76,77,78,79,80,81,82,83,84,85,86,87,88,89,90,91,92,93,94,95,96,97,98,99,100,101,102,103,104,105,106,107,108,109,110,111,112,113,114,115,116,117,118,119,120,121,122,123,124,125,126,127,128,129,130,131,132,133,134,135,136,137,138,139,140,141,
21,0,1,2,3,4,5,6,7,8,9,10,11,12,13,14,16,17,19,20,22,24,25,27,28,30,31,32,34,35,36,38,40,41,42,43,44,48,49,52,53,54,55,56,60,61,62,63,64,65,66,67,68,69,70,71,72,73,
3,113,77,8,15,45,120,
44,101,84,39,244,98,44,67,124,76,185,99,93,243,81,
33,210,50,102,211,122,144,53,114,197,67,118,73,
40,54,16,17,80,
37,49,113,120,246,46,239,110,140,108,25,106,35,
13,96,40,71,80,42,
12,31,48,69,75,
4,0,2,3,4,5,6,7,8,10,11,12,13,14,16,18,21,24,26,29,30,31,32,33,34,35,36,37,38,39,40,41,42,43,44,45,46,47,48,49,50,51,52,53,54,55,56,57,58,59,60,61,62,63,64,65,66,67,68,69,70,71,72,73,74,75,76,77,78,79,80,81,82,83,84,85,86,87,88,89,90,91,92,93,94,95,96,97,98,99,100,101,102,103,104,105,106,107,108,109,110,111,112,113,114,115,116,117,118,119,120,121,122,123,124,125,126,127,128,129,130,131,132,133,134,135,136,137,138,139,140,141,142,143,144,
41,93,48,92,24,44,
2,56,74,46,105,106,107,108,109,110,111,112,113,114,115,116,117,118,119,120,121,122,123,124,125,126,127,128,129,130,131,132,133,134,135,136,137,138,139,140,141,142,143,144,145,146,147,148,149,150,151,152,153,154,155,156,157,158,159,160,161,162,163,164,165,166,167,168,169,170,171,172,173,174,175,176,177,178,179,180,181,182,183,184,185,186,187,188,189,190,191,192,193,194,195,196,197,198,199,200,201,202,203,204,205,206,207,208,209,210,211,212,213,214,215,216,217,218,219,220,221,222,223,224,225,226,227,228,229,230,231,232,233,234,235,236,237,238,239,240,241,242,243,244,245,246,247,248,249,250,251,252,253,254,255,256,257,258,259,260,261,262,263,264,265,266,267,268,269,270,271,272,273,274,275,276,277,278,279,280,281,282,283,284,285,286,287,288,289,290,291,292,293,294,295,296,297,298,299,300,301,302,303,304,305,306,307,308,309,310,311,312,313,314,315,316,317,318,319,320,321,322,323,324,325,326,327,328,329,330,331,332,333,334,335,336,337,338,339,340,341,342,343,344,349,350,356,359,361,363,365,366,367,370,373,374,375,376,377,378,379,380,381,382,383,384,385,386,
27,32,45,46,47,48,49,50,51,52,53,54,55,56,57,58,59,60,61,62,63,64,65,66,67,68,69,70,71,72,73,74,75,76,77,78,79,80,81,82,83,84,85,86,87,88,89,90,91,92,93,94,95,96,97,98,99,100,101,102,103,104,105,106,107,108,109,110,111,112,113,114,115,116,117,118,119,120,121,122,123,124,125,126,127,128,129,130,131,132,133,134,
35,132,56,66,108,40,77,97,
17,0,1,2,3,4,5,6,7,8,9,10,11,12,13,14,
20,129,289,220,214,152,51,197,232,311,4,231,85,106,150,9,262,
39,548,215,234,19,180,553,645,57,554,644,82,652,64,651,555,534,650,619,
10,188,230,209,187,242,221,
45,75,71,48,87,86,120,121,122,123,124,125,126,127,128,129,130,131,132,133,134,135,136,137,138,139,140,141,142,143,144,145,146,147,148,149,150,151,152,153,
50,234,
28,173,28,62,162,137,95,65,57,32,120,
16,124,
19,38,12,36,
31,118,149,101,174,205,103,119,126,137,156,237,238,239,240,241,242,
22,64,38,10,
29,125,62,229,34,95,36,188,10,23,240,244,246,248,249,251,252,253,256,257,258,261,264,266,267,268,269,270,271,272,273,274,275,276,277,278,279,280,281,282,283,284,285,286,287,288,289,290,291,292,293,294,295,296,297,298,299,300,301,302,303,304,305,306,307,308,309,310,311,312,313,
5,252,307,285,316,
43,93,230,73,179,133,214,137,177,183,71,77,145,112,
11,92,122,101,123,18,110,100,51,58,
46,205,112,184,164,159,131,177,223,167,240,241,242,243,244,245,246,247,248,249,250,251,252,253,254,255,256,257,258,259,260,261,262,263,264,265,266,267,
32,174,150,167,141,
1,12,15,16,17,18,19,20,21,22,23,24,25,26,27,28,29,30,31,32,33,34,35,36,37,38,39,40,41,42,43,44,45,46,47,48,49,50,51,52,53,54,55,56,57,58,59,60,61,62,63,64,65,66,67,68,69,70,71,72,73,74,75,76,77,78,79,80,81,82,83,84,85,86,87,88,89,90,91,92,93,94,95,96,97,98,99,100,101,102,103,104,105,106,107,108,109,110,111,112,113,114,115,116,117,118,119,120,121,122,123,124,125,126,127,128,129,130,131,132,133,134,135,136,137,138,139,140,141,142,143,144,145,146,147,148,149,150,151,152,153,154,155,156,157,158,159,160,161,162,163,164,165,166,167,168,169,
42,103,52,109,34,18,
48,150,
14,296,286,128,157,177,201,255,2,110,244,117,88,234,233,68,
25,0,1,2,3,4,6,9,12,13,16,18,19,20,21,22,23,24,25,26,27,28,29,30,31,32,33,34,35,36,37,38,39,40,41,42,43,44,45,46,47,48,49,50,51,52,53,54,55,56,57,58,59,60,61,62,63,64,65,66,67,68,69,70,71,72,73,74,75,76,77,78,79,80,81,82,83,84,
47,93,81,
30,54,6,75,95,79,27,111,114,158,129,
15,85,49,145,37,40,14,15,
6,250,
24,71,81,45,61,23,113,
38,1,3,5,6,8,10,12,13,15,17,18,19,20,21,22,24,28,29,
34,81,
49,84,
36,58,99,165,12,84,74,141,49,
